,index,Address
0,3M,"3M CENTER BLDG. 220-13E-26A ST PAUL, MINNESOTA 55144-1000"
1,A. O. Smith,"11270 WEST PARK PLACE MILWAUKEE, WISCONSIN 53224"
2,Abbott,"100 ABBOTT PARK ROAD ABBOTT PARK, ILLINOIS 60064-3500"
3,AbbVie,"1 NORTH WAUKEGAN ROAD NORTH CHICAGO, ILLINOIS 60064"
4,Accenture,"1 GRAND CANAL SQUARE GRAND CANAL HARBOUR DUBLIN, IRELAND D2"
5,Activision Blizzard,"2701 OLYMPIC BOULEVARD BUILDING B SANTA MONICA, CALIFORNIA 90404"
6,ADM,"77 W. WACKER DR. CHICAGO, ILLINOIS 60601"
7,Adobe Inc.,"345 PARK AVE SAN JOSE, CALIFORNIA 95110-2704"
8,ADP,"ONE ADP BOULVARD ROSELAND, NEW JERSEY 07068"
9,Advance Auto Parts,"4200 SIX FORKS ROAD RALEIGH, NORTH CAROLINA 27609"
10,AES Corporation,"4300 WILSON BOULEVARD ARLINGTON, VIRGINIA 22203"
11,Aflac,"1932 WYNNTON RD COLUMBUS, GEORGIA 31999"
12,Agilent Technologies,"5301 STEVENS CREEK BLVD SANTA CLARA, CALIFORNIA 95051"
13,Air Products and Chemicals,"1940 AIR PRODUCTS BLVD. ALLENTOWN, PENNSYLVANIA 18106-5500"
14,Akamai,"145 BROADWAY CAMBRIDGE, MASSACHUSETTS 02142"
15,Alaska Air Group,"19300 INTERNATIONAL BOULEVARD SEATTLE, WASHINGTON 98188"
16,Albemarle Corporation,"4250 CONGRESS STREET SUITE 900 CHARLOTTE, NORTH CAROLINA 28209"
17,Alexandria Real Estate Equities,"26 NORTH EUCLID AVENUE PASADENA, CALIFORNIA 91101"
18,Align Technology,"410 NORTH SCOTTSDALE ROAD, SUITE 1300 TEMPE, ARIZONA 85288"
19,Allegion,"BLOCK D IVEAGH COURT HARCOURT ROAD DUBLIN 2, IRELAND 00000"
20,Alliant Energy,"4902 NORTH BILTMORE LANE SUITE 1000 MADISON, WISCONSIN 53718-2148"
21,Allstate,"3100 SANDERS ROAD NORTHBROOK, ILLINOIS 60062"
22,Alphabet Inc. (Class A),"1600 AMPHITHEATRE PARKWAY MOUNTAIN VIEW, CALIFORNIA 94043"
23,Alphabet Inc. (Class C),"1600 AMPHITHEATRE PARKWAY MOUNTAIN VIEW, CALIFORNIA 94043"
24,Altria,"6601 WEST BROAD STREET RICHMOND, VIRGINIA 23230"
25,Amazon,"410 TERRY AVENUE NORTH SEATTLE, WASHINGTON 98109"
26,Amcor,"83 TOWER ROAD NORTH WARMLEY, BRISTOL, UNITED KINGDOM BS30 8XP"
27,AMD,"2485 AUGUSTINE DRIVE SANTA CLARA, CALIFORNIA 95054"
28,Ameren,"1901 CHOUTEAU AVE MC 1310 ST LOUIS, MISSOURI 63166-6149"
29,American Airlines Group,"1 SKYVIEW DRIVE FORT WORTH, TEXAS 76155"
30,American Electric Power,"1 RIVERSIDE PLAZA COLUMBUS, OHIO 43215"
31,American Express,"200 VESEY STREET 50TH FLOOR NEW YORK, NEW YORK 10285"
32,American International Group,"1271 AVE OF THE AMERICAS FL 37 NEW YORK, NEW YORK 10020-1304"
33,American Tower,"116 HUNTINGTON AVE BOSTON, MASSACHUSETTS 02116"
34,American Water Works,"1 WATER STREET CAMDEN, NEW JERSEY 08102-1658"
35,Ameriprise Financial,"1099 AMERIPRISE FINANCIAL CENTER MINNEAPOLIS, MINNESOTA 55474"
36,AmerisourceBergen,"1 WEST FIRST AVENUE CONSHOHOCKEN, PENNSYLVANIA 19428"
37,Ametek,"1100 CASSATT ROAD BERWYN, PENNSYLVANIA 19312"
38,Amgen,"ONE AMGEN CENTER DRIVE THOUSAND OAKS, CALIFORNIA 91320"
39,Amphenol,"358 HALL AVE WALLINGFORD, CONNECTICUT 06492"
40,Analog Devices,"ONE ANALOG WAY WILMINGTON, MASSACHUSETTS 01887"
41,Ansys,"2600 ANSYS DRIVE, SOUTHPOINTE CANONSBURG, PENNSYLVANIA 15317"
42,Aon,"METROPOLITAN BUILDING JAMES JOYCE STREET DUBLIN 1, IRELAND D01 K0Y8"
43,APA Corporation,"2000 POST OAK BLVD SUITE 100 HOUSTON, TEXAS 77056"
44,Apple Inc.,"ONE APPLE PARK WAY CUPERTINO, CALIFORNIA 95014"
45,Applied Materials,"3050 BOWERS AVE SANTA CLARA, CALIFORNIA 95054-3299"
46,Aptiv,"5 HANOVER QUAY GRAND CANAL DOCK DUBLIN, IRELAND D02 VY79"
47,Arch Capital Group,"WATERLOO HOUSE, GROUND FLOOR 100 PITTS BAY ROAD PEMBROKE, BERMUDA HM 08"
48,Arista Networks,"5453 GREAT AMERICA PARKWAY SANTA CLARA, CALIFORNIA 95054"
49,Arthur J. Gallagher & Co.,"2850 GOLF ROAD ROLLING MEADOWS, ILLINOIS 60008-4050"
50,Assurant,"260 INTERSTATE NORTH CIRCLE S.E. ATLANTA, GEORGIA 30339"
51,AT&T,"208 S. AKARD ST DALLAS, TEXAS 75202"
52,Atmos Energy,"1800 THREE LINCOLN CTR 5430 LBJ FREEWAY DALLAS, TEXAS 75240"
53,Autodesk,"ONE MARKET, STE. 400. SAN FRANCISCO, CALIFORNIA 94105"
54,AutoZone,"123 SOUTH FRONT ST MEMPHIS, TENNESSEE 38103"
55,AvalonBay Communities,"4040 WILSON BOULEVARD STE 1000 ARLINGTON, VIRGINIA 22203"
56,Avery Dennison,"8080 NORTON PARKWAY MENTOR, OHIO 44060"
57,Baker Hughes,"17021 ALDINE WESTFIELD ROAD HOUSTON, TEXAS 77073"
58,Ball Corporation,"9200 W. 108TH CIRCLE WESTMINSTER, COLORADO 80021"
59,Bank of America,"BANK OF AMERICA CORPORATE CENTER 100 N TRYON ST CHARLOTTE, NORTH CAROLINA 28255"
60,"Bath & Body Works, Inc.","THREE LIMITED PKWY P O BOX 16000 COLUMBUS, OHIO 43230"
61,Baxter International,"ONE BAXTER PKWY DF2-1W DEERFIELD, ILLINOIS 60015"
62,Becton Dickinson,"ONE BECTON DR FRANKLIN LAKES, NEW JERSEY 07417-1880"
63,Berkley,"475 STEAMBOAT ROAD . GREENWICH, CONNECTICUT 06830"
64,Berkshire Hathaway,"3555 FARNAM STREET OMAHA, NEBRASKA 68131"
65,Best Buy,"7601 PENN AVE SOUTH RICHFIELD, MINNESOTA 55423"
66,Bio-Rad,"1000 ALFRED NOBEL DRIVE HERCULES, CALIFORNIA 94547"
67,Bio-Techne,"614 MCKINLEY PL N E MINNEAPOLIS, MINNESOTA 55413"
68,Biogen,"225 BINNEY STREET CAMBRIDGE, MASSACHUSETTS 02142"
69,BlackRock,"50 HUDSON YARDS NEW YORK, NEW YORK 10001"
70,BNY Mellon,"240 GREENWICH STREET NEW YORK, NEW YORK 10286"
71,Boeing,"929 LONG BRIDGE DRIVE ARLINGTON, VIRGINIA 22202"
72,Booking Holdings,"800 CONNECTICUT AVE NORWALK, CONNECTICUT 06854"
73,BorgWarner,"3850 HAMLIN RD. AUBURN HILLS, MICHIGAN 48326"
74,Boston Properties,"800 BOYLSTON STREET SUITE 1900 BOSTON, MASSACHUSETTS 02199"
75,Boston Scientific,"300 BOSTON SCIENTIFIC WAY MARLBOROUGH, MASSACHUSETTS 01752-1234"
76,Bristol Myers Squibb,"430 E. 29TH STREET 14 FLOOR NEW YORK, NEW YORK 10016"
77,Broadcom Inc.,"1320 RIDDER PARK DRIVE SAN JOSE, CALIFORNIA 95131"
78,Broadridge Financial Solutions,"5 DAKOTA DRIVE LAKE SUCCESS, NEW YORK 11042"
79,Brown & Brown,"300 N. BEACH STREET DAYTONA BEACH, FLORIDA 32114"
80,Brown–Forman,"850 DIXIE HWY LOUISVILLE, KENTUCKY 40210"
81,Bunge Limited,"1391 TIMBERLAKE MANOR PARKWAY CHESTERFIELD, MISSOURI 63017"
82,C.H. Robinson,"14701 CHARLSON ROAD EDEN PRAIRIE, MINNESOTA 55347"
83,Cadence Design Systems,"2655 SEELY AVENUE BLDG 5 SAN JOSE, CALIFORNIA 95134"
84,Caesars Entertainment,"100 WEST LIBERTY STREET, 12TH FLOOR RENO, NEVADA 89501"
85,Camden Property Trust,"11 GREENWAY PLAZA SUITE 2400 HOUSTON, TEXAS 77046"
86,Campbell Soup Company,"CAMPBELL PL CAMDEN, NEW JERSEY 08103"
87,Capital One,"1680 CAPITAL ONE DRIVE SUITE 1400 MCLEAN, VIRGINIA 22102"
88,Cardinal Health,"7000 CARDINAL PLACE DUBLIN, OHIO 43017"
89,CarMax,"12800 TUCKAHOE CREEK PARKWAY RICHMOND, VIRGINIA 23238"
90,Carnival,"3655 N W 87TH AVE PO BOX 1347 MIAMI, FLORIDA 33178-2428"
91,Carrier Global,"13995 PASTEUR BOULEVARD PALM BEACH GARDENS, FLORIDA 33418"
92,Catalent,"14 SCHOOLHOUSE ROAD SOMERSET, NEW JERSEY 08873"
93,Caterpillar Inc.,"5205 N. O'CONNOR BOULEVARD SUITE 100 IRVING, TEXAS 75039"
94,Cboe Global Markets,"433 WEST VAN BUREN STREET CHICAGO, ILLINOIS 60607"
95,CBRE Group,"2100 MCKINNEY AVENUE SUITE 1250 DALLAS, TEXAS 75201"
96,CDW,"200 N MILWAUKEE AVENUE VERNON HILLS, ILLINOIS 60061"
97,Celanese,"222 W. LAS COLINAS BLVD., SUITE 900N IRVING, TEXAS 75039-5421"
98,Centene Corporation,"7700 FORSYTH BLVD. ST LOUIS, MISSOURI 63105"
99,CenterPoint Energy,"1111 LOUISIANA ST. HOUSTON, TEXAS 77002"
100,Ceridian,"3311 EAST OLD SHAKOPEE ROAD MINNEAPOLIS, MINNESOTA 55425"
101,CF Industries,"4 PARKWAY NORTH DEERFIELD, ILLINOIS 60015"
102,Charles River Laboratories,"251 BALLARDVALE ST WILMINGTON, MASSACHUSETTS 01887"
103,Charles Schwab Corporation,"3000 SCHWAB WAY WESTLAKE, TEXAS 76262"
104,Charter Communications,"400 ATLANTIC STREET STAMFORD, CONNECTICUT 06901"
105,Chevron Corporation,"6001 BOLLINGER CANYON ROAD SAN RAMON, CALIFORNIA 94583"
106,Chipotle Mexican Grill,"610 NEWPORT CENTER DR SUITE 1100 NEWPORT BEACH, CALIFORNIA 92660"
107,Chubb Limited,"BARENGASSE 32 ZURICH, SWITZERLAND CH-8001"
108,Church & Dwight,"500 CHARLES EWING BOULEVARD EWING, NEW JERSEY 08628"
109,Cigna,"900 COTTAGE GROVE ROAD BLOOMFIELD, CONNECTICUT 06002"
110,Cincinnati Financial,"6200 S GILMORE RD FAIRFIELD, OHIO 45014"
111,Cintas,"6800 CINTAS BLVD P O BOX 625737 CINCINNATI, OHIO 45262"
112,Cisco,"170 WEST TASMAN DR SAN JOSE, CALIFORNIA 95134-1706"
113,Citigroup,"388 GREENWICH STREET NEW YORK, NEW YORK 10013"
114,Citizens Financial Group,"1 CITIZENS PLAZA PROVIDENCE, RHODE ISLAND 02903"
115,Clorox,"THE CLOROX COMPANY 1221 BROADWAY OAKLAND, CALIFORNIA 94612-1888"
116,CME Group,"20 S. WACKER DR. CHICAGO, ILLINOIS 60606"
117,CMS Energy,"ONE ENERGY PLAZA JACKSON, MICHIGAN 49201"
118,Coca-Cola Company (The),"ONE COCA COLA PLAZA ATLANTA, GEORGIA 30313"
119,Cognizant,"300 FRANK W. BURR BLVD., STE. 36, 6 FL. TEANECK, NEW JERSEY 07666"
120,Colgate-Palmolive,"300 PARK AVE NEW YORK, NEW YORK 10022"
121,Comcast,"ONE COMCAST CENTER PHILADELPHIA, PENNSYLVANIA 19103-2838"
122,Comerica,"1717 MAIN STREET MC6404 ATTN: KELLY GAGE DALLAS, TEXAS 75201"
123,Conagra Brands,"222 W. MERCHANDISE MART PLAZA SUITE 1300 CHICAGO, ILLINOIS 60654"
124,ConocoPhillips,"925 N. ELDRIDGE PARKWAY HOUSTON, TEXAS 77079"
125,Consolidated Edison,"4 IRVING PLACE NEW YORK, NEW YORK 10003"
126,Constellation Brands,"207 HIGH POINT DRIVE BUILDING 100 VICTOR, NEW YORK 14564"
127,Constellation Energy,"1310 POINT STREET BALTIMORE, MARYLAND 21231"
128,CooperCompanies,"6101 BOLLINGER CANYON ROAD SUITE 500 SAN RAMON, CALIFORNIA 94583"
129,Copart,"14185 DALLAS PARKWAY SUITE 300 DALLAS, TEXAS 75254"
130,Corning Inc.,"ONE RIVERFRONT PLAZA CORNING, NEW YORK 14831"
131,Corteva,"9330 ZIONSVILLE ROAD INDIANAPOLIS, INDIANA 46268"
132,CoStar Group,"1331 L STREET, NW WASHINGTON, DISTRICT OF COLUMBIA 20005"
133,Costco,"999 LAKE DRIVE ISSAQUAH, WASHINGTON 98027-"
134,Coterra,"840 GESSNER ROAD, SUITE 1400 HOUSTON, TEXAS 77024"
135,Crown Castle,"8020 KATY FREEWAY HOUSTON, TEXAS 77024"
136,CSX,"500 WATER STREET 15TH FLOOR JACKSONVILLE, FLORIDA 32202"
137,Cummins,"500 JACKSON ST BOX 3005 MAIL CODE 60207 COLUMBUS, INDIANA 47202-3005"
138,CVS Health,"ONE CVS DR. WOONSOCKET, RHODE ISLAND 02895"
139,D.R. Horton,"1341 HORTON CIRCLE ARLINGTON, TEXAS 76011"
140,Danaher Corporation,"2200 PENNSYLVANIA AVE. N.W. SUITE 800W WASHINGTON, DISTRICT OF COLUMBIA 20037-1701"
141,Darden Restaurants,"1000 DARDEN CENTER DRIVE ORLANDO, FLORIDA 32837"
142,DaVita Inc.,"2000 16TH STREET DENVER, COLORADO 80202"
143,John Deere,"ONE JOHN DEERE PLACE MOLINE, ILLINOIS 61265-8098"
144,Delta Air Lines,"HARTSFIELD-JACKSON ATLANTA INTL AIRPORT 1030 DELTA BOULEVARD ATLANTA, GEORGIA 30354-1989"
145,Dentsply Sirona,"13320 BALLANTYNE CORPORATE PLACE CHARLOTTE, NORTH CAROLINA 28277-3607"
146,Devon Energy,"333 W. SHERIDAN AVENUE OKLAHOMA CITY, OKLAHOMA 73102"
147,Dexcom,"6340 SEQUENCE DRIVE SAN DIEGO, CALIFORNIA 92121"
148,Diamondback Energy,"500 WEST TEXAS SUITE 1200 MIDLAND, TEXAS 79701"
149,Digital Realty,"5707 SOUTHWEST PARKWAY, BUILDING 1 SUITE 275 AUSTIN, TEXAS 78735"
150,Discover Financial,"2500 LAKE COOK ROAD RIVERWOODS, ILLINOIS 60015"
151,Dish Network,"9601 S. MERIDIAN BLVD. ENGLEWOOD, COLORADO 80112"
152,Disney,"500 SOUTH BUENA VISTA STREET BURBANK, CALIFORNIA 91521"
153,Dollar General,"100 MISSION RIDGE GOODLETTSVILLE, TENNESSEE 37072"
154,Dollar Tree,"500 VOLVO PARKWAY N/A CHESAPEAKE, VIRGINIA 23320"
155,Dominion Energy,"120 TREDEGAR STREET RICHMOND, VIRGINIA 23219"
156,Domino's,"30 FRANK LLOYD WRIGHT DRIVE ANN ARBOR, MICHIGAN 48105"
157,Dover Corporation,"3005 HIGHLAND PARKWAY SUITE 200 DOWNERS GROVE, ILLINOIS 60515"
158,Dow Inc.,"2211 H.H. DOW WAY MIDLAND, MICHIGAN 48674"
159,DTE Energy,"ONE ENERGY PLAZA DETROIT, MICHIGAN 48226"
160,Duke Energy,"526 SOUTH CHURCH STREET CHARLOTTE, NORTH CAROLINA 28202-1803"
161,DuPont,"974 CENTRE ROAD BUILDING 730 WILMINGTON, DELAWARE 19805"
162,DXC Technology,"20408 BASHAN DRIVE SUITE 231 ASHBURN, VIRGINIA 20147"
163,Eastman Chemical Company,"PO BOX 511 200 SOUTH WILCOX DRIVE KINGSPORT, TENNESSEE 37660"
164,Eaton Corporation,"30 PEMBROKE ROAD EATON HOUSE DUBLIN, IRELAND DUBLIN 4"
165,eBay,"2025 HAMILTON AVENUE SAN JOSE, CALIFORNIA 95125"
166,Ecolab,"1 ECOLAB PLACE SAINT PAUL, MINNESOTA 55102"
167,Edison International,"2244 WALNUT GROVE AVE, P O BOX 800 ROSEMEAD, CALIFORNIA 91770"
168,Edwards Lifesciences,"ONE EDWARDS WAY IRVINE, CALIFORNIA 92614"
169,Electronic Arts,"209 REDWOOD SHORES PARKWAY REDWOOD CITY, CALIFORNIA 94065"
170,Elevance Health,"220 VIRGINIA AVENUE INDIANAPOLIS, INDIANA 46204"
171,Eli Lilly and Company,"LILLY CORPORATE CTR DROP CODE 1094 INDIANAPOLIS, INDIANA 46285"
172,Emerson Electric,"8000 W FLORISSANT AVE P O BOX 4100 ST LOUIS, MISSOURI 63136"
173,Enphase,"47281 BAYSIDE PARKWAY FREMONT, CALIFORNIA 94538"
174,Entergy,"639 LOYOLA AVE NEW ORLEANS, LOUISIANA 70113"
175,EOG Resources,"1111 BAGBY, SKY LOBBY 2 HOUSTON, TEXAS 77002"
176,EPAM Systems,"41 UNIVERSITY DRIVE SUITE 202 NEWTOWN, PENNSYLVANIA 18940"
177,EQT,"625 LIBERTY AVENUE SUITE 1700 PITTSBURGH, PENNSYLVANIA 15222"
178,Equifax,"1550 PEACHTREE ST NW ATLANTA, GEORGIA 30302"
179,Equinix,"ONE LAGOON DRIVE REDWOOD CITY, CALIFORNIA 94065"
180,Equity Residential,"EQUITY RESIDENTIAL TWO NORTH RIVERSIDE PLAZA, SUITE 400 CHICAGO, ILLINOIS 60606"
181,Essex Property Trust,"1100 PARK PLACE SUITE 200 SAN MATEO, CALIFORNIA 94403"
182,Estée Lauder Companies (The),"767 FIFTH AVE NEW YORK, NEW YORK 10153"
183,Etsy,"117 ADAMS STREET BROOKLYN, NEW YORK 11201"
184,Everest Re,"SEON PLACE, 4TH FLOOR 141 FRONT STREET HAMILTON, BERMUDA HM 19"
185,Evergy,"1200 MAIN STREET KANSAS CITY, MISSOURI 64105"
186,Eversource,"300 CADWELL DRIVE SPRINGFIELD, MASSACHUSETTS 01104"
187,Exelon,"PO BOX 805398 CHICAGO, ILLINOIS 60680-5398"
188,Expedia Group,"1111 EXPEDIA GROUP WAY W. SEATTLE, WASHINGTON 98119"
189,Expeditors International,"1015 THIRD AVENUE SEATTLE, WASHINGTON 98104"
190,Extra Space Storage,"2795 COTTONWOOD PARKWAY, SUITE 400 SALT LAKE CITY, UTAH 84121"
191,ExxonMobil,"5959 LAS COLINAS BLVD IRVING, TEXAS 75039-2298"
192,"F5, Inc.","801 5TH AVENUE SEATTLE, WASHINGTON 98104"
193,FactSet,"45 GLOVER AVENUE NORWALK, CONNECTICUT 06850"
194,Fair Isaac,"5 WEST MENDENHALL SUITES 105 BOZEMAN, MONTANA 59715"
195,Fastenal,"2001 THEURER BLVD WINONA, MINNESOTA 55987"
196,Federal Realty,"909 ROSE AVENUE, SUITE 200 NORTH BETHESDA, MARYLAND 20852"
197,FedEx,"942 SOUTH SHADY GROVE ROAD MEMPHIS, TENNESSEE 38120-"
198,Fifth Third Bank,"38 FOUNTAIN SQ PLZ FIFTH THIRD CENTER CINCINNATI, OHIO 45263"
199,First Republic Bank,"111 PINE STREET SAN FRACISCO, CALIFORNIA 94111"
200,First Solar,"350 WEST WASHINGTON STREET SUITE 600 TEMPE, ARIZONA 85288"
201,FirstEnergy,"76 SOUTH MAIN ST AKRON, OHIO 44308-1890"
202,FIS,"347 RIVERSIDE AVENUE JACKSONVILLE, FLORIDA 32202"
203,Fiserv,"255 FISERV DR PO BOX 979 BROOKFIELD, WISCONSIN 53045"
204,Fleetcor,"3280 PEACHTREE ROAD SUITE 2400 ATLANTA, GEORGIA 30305"
205,FMC Corporation,"2929 WALNUT STREET PHILADELPHIA, PENNSYLVANIA 19104"
206,Ford Motor Company,"ONE AMERICAN ROAD DEARBORN, MICHIGAN 48126"
207,Fortinet,"899 KIFER ROAD SUNNYVALE, CALIFORNIA 94086"
208,Fortive,"6920 SEAWAY BLVD. EVERETT, WASHINGTON 98203"
209,Fox Corporation (Class A),"1211 AVENUE OF THE AMERICAS NEW YORK, NEW YORK 10036"
210,Fox Corporation (Class B),"1211 AVENUE OF THE AMERICAS NEW YORK, NEW YORK 10036"
211,Franklin Templeton,"ONE FRANKLIN PARKWAY BUILDING 920/2, LEGAL-FRI SECRETARY SAN MATEO, CALIFORNIA 94403"
212,Freeport-McMoRan,"333 NORTH CENTRAL AVENUE PHOENIX, ARIZONA 85004"
213,Garmin,"MUHLENTALSTRASSE 2 SCHAFFHAUSEN, SWITZERLAND CH-8200"
214,Gartner,"56 TOP GALLANT RD P O BOX 10212 STAMFORD, CONNECTICUT 06904-2212"
215,GE HealthCare,"500 WEST MONROE STREET CHICAGO, ILLINOIS 60661"
216,Gen Digital,"60 E RIO SALADO PARKWAY SUITE 1000 TEMPE, ARIZONA 85281"
217,Generac,"S45 W29290 HIGHWAY 59 WAUKESHA, WISCONSIN 53187"
218,General Dynamics,"11011 SUNSET HILLS RD RESTON, VIRGINIA 20190"
219,General Electric,"5 NECCO STREET BOSTON, MASSACHUSETTS 02210"
220,General Mills,"NUMBER ONE GENERAL MILLS BLVD MINNEAPOLIS, MINNESOTA 55426"
221,General Motors,"300 RENAISSANCE CENTER DETROIT, MICHIGAN 48265-3000"
222,Genuine Parts Company,"2999 WILDWOOD PARKWAY ATLANTA, GEORGIA 30339"
223,Gilead Sciences,"333 LAKESIDE DR FOSTER CITY, CALIFORNIA 94404"
224,Globe Life,"3700 SOUTH STONEBRIDGE DRIVE MCKINNEY, TEXAS 75070"
225,Global Payments,"3550 LENOX ROAD ATLANTA, GEORGIA 30326"
226,Goldman Sachs,"200 WEST STREET NEW YORK, NEW YORK 10282"
227,Halliburton,"3000 NORTH SAM HOUSTON PARKWAY EAST 3000 NORTH SAM HOUSTON PARKWAY EAST HOUSTON, TEXAS 77032"
228,Hartford (The),"ONE HARTFORD PLAZA HARTFORD, CONNECTICUT 06155"
229,Hasbro,"1027 NEWPORT AVE P O BOX 1059 PAWTUCKET, RHODE ISLAND 02861"
230,HCA Healthcare,"ONE PARK PLZ NASHVILLE, TENNESSEE 37203"
231,Healthpeak,"5050 SOUTH SYRACUSE STREET SUITE 800 DENVER, COLORADO 80237"
232,Henry Schein,"135 DURYEA RD MELVILLE, NEW YORK 11747"
233,Hershey's,"19 EAST CHOCOLATE AVENUE EXTERNAL RPTG & COMPLIANCE HERSHEY, PENNSYLVANIA 17033"
234,Hess Corporation,"1185 AVENUE OF THE AMERICAS NEW YORK, NEW YORK 10036"
235,Hewlett Packard Enterprise,"1701 E MOSSY OAKS ROAD SPRING, TEXAS 77389"
236,Hilton Worldwide,"7930 JONES BRANCH DRIVE, SUITE 1100 MCLEAN, VIRGINIA 22102"
237,Hologic,"250 CAMPUS DRIVE MARLBOROUGH, MASSACHUSETTS 01752"
238,Home Depot (The),"2455 PACES FERRY ROAD ATLANTA, GEORGIA 30339-4024"
239,Honeywell,"855 S. MINT STREET CHARLOTTE, NORTH CAROLINA 28202"
240,Hormel Foods,"1 HORMEL PL AUSTIN, MINNESOTA 55912-3680"
241,Host Hotels & Resorts,"4747 BETHESDA AVENUE SUITE 1300 BETHESDA, MARYLAND 20814"
242,Howmet Aerospace,"201 ISABELLA STREET SUITE 200 PITTSBURGH, PENNSYLVANIA 15212-5872"
243,HP Inc.,"1501 PAGE MILL ROAD PALO ALTO, CALIFORNIA 94304"
244,Humana,"500 W MAIN ST LOUISVILLE, KENTUCKY 40202"
245,Huntington Bancshares,"HUNTINGTON CTR 41 S HIGH ST HC0917 COLUMBUS, OHIO 43287"
246,Huntington Ingalls Industries,"4101 WASHINGTON AVENUE 909-7, 7J2 NEWPORT NEWS, VIRGINIA 23607"
247,IBM,"1 NEW ORCHARD ROAD ARMONK, NEW YORK 10504"
248,IDEX Corporation,"3100 SANDERS ROAD SUITE 301 NORTHBROOK, ILLINOIS 60062"
249,Idexx Laboratories,"ONE IDEXX DRIVE WESTBROOK, MAINE 04092-2041"
250,Illinois Tool Works,"155 HARLEM AVENUE GLENVIEW, ILLINOIS 60025"
251,Illumina,"5200 ILLUMINA WAY SAN DIEGO, CALIFORNIA 92122"
252,Incyte,"1801 AUGUSTINE CUT-OFF WILMINGTON, DELAWARE 19803"
253,Ingersoll Rand,"525 HARBOUR PLACE DRIVE, SUITE 600 DAVIDSON, NORTH CAROLINA 28036"
254,Insulet,"100 NAGOG PARK ACTON, MASSACHUSETTS 01720"
255,Intel,"2200 MISSION COLLEGE BLVD RNB-4-151 SANTA CLARA, CALIFORNIA 95054"
256,Intercontinental Exchange,"5660 NEW NORTHSIDE DRIVE, THIRD FLOOR ATLANTA, GEORGIA 30328"
257,International Flavors & Fragrances,"521 W 57TH ST NEW YORK, NEW YORK 10019"
258,International Paper,"6400 POPLAR AVENUE MEMPHIS, TENNESSEE 38197"
259,Interpublic Group of Companies (The),"909 THIRD AVENUE NEW YORK, NEW YORK 10022"
260,Intuit,"2700 COAST AVENUE MOUNTAIN VIEW, CALIFORNIA 94043"
261,Intuitive Surgical,"1020 KIFER ROAD SUNNYVALE, CALIFORNIA 94086"
262,Invesco,"1555 PEACHTREE STREET NE SUITE 1800 ATLANTA, GEORGIA 30309"
263,Invitation Homes,"1717 MAIN STREET, SUITE 2000 DALLAS, TEXAS 75201"
264,IQVIA,"2400 ELLIS ROAD DURHAM, NORTH CAROLINA 27703"
265,Iron Mountain,"85 NEW HAMPSHIRE AVENUE, SUITE 150 PEASE INTERNATIONAL TRADEPORT PORTSMOUTH, NEW HAMPSHIRE 03801"
266,J.B. Hunt,"615 JB HUNT CORPORATE DR PO BOX 130 LOWELL, ARKANSAS 72745"
267,Jack Henry & Associates,"PO BOX 807 663 HWY 60 MONETT, MISSOURI 65708-0807"
268,Jacobs Solutions,"1999 BRYAN STREET, SUITE 1200 DALLAS, TEXAS 75201"
269,Johnson & Johnson,"ONE JOHNSON & JOHNSON PLZ NEW BRUNSWICK, NEW JERSEY 08933"
270,Johnson Controls,"ONE ALBERT QUAY ALBERT QUAY CORK, IRELAND 00000"
271,JPMorgan Chase,"383 MADISON AVENUE NEW YORK, NEW YORK 10017"
272,Juniper Networks,"1133 INNOVATION WAY SUNNYVALE, CALIFORNIA 94089"
273,Kellogg's,"ONE KELLOGG SQ P O BOX 3599 BATTLE CREEK, MICHIGAN 49016-3599"
274,Keurig Dr Pepper,"53 SOUTH AVENUE BURLINGTON, MASSACHUSETTS 01803"
275,KeyCorp,"127 PUBLIC SQ CLEVELAND, OHIO 44114-1306"
276,Keysight,"1400 FOUNTAINGROVE PARKWAY SANTA ROSA, CALIFORNIA 95403"
277,Kimberly-Clark,"351 PHELPS DRIVE IRVING, TEXAS 75038"
278,Kimco Realty,"500 NORTH BROADWAY SUITE 201, P.O. BOX 9010 JERICHO, NEW YORK 11753"
279,Kinder Morgan,"1001 LOUISIANA STREET SUITE 1000 HOUSTON, TEXAS 77002"
280,KLA Corporation,"ONE TECHNOLOGY DRIVE MILPITAS, CALIFORNIA 95035"
281,Kraft Heinz,"ONE PPG PLACE PITTSBURGH, PENNSYLVANIA 15222"
282,Kroger,"1014 VINE ST CINCINNATI, OHIO 45201"
283,L3Harris,"1025 W NASA BLVD MELBOURNE, FLORIDA 32919"
284,LabCorp,"358 S MAIN ST BURLINGTON, NORTH CAROLINA 27215"
285,Lam Research,"4650 CUSHING BLVD FREMONT, CALIFORNIA 94538"
286,Lamb Weston,"599 S. RIVERSHORE LANE EAGLE, IDAHO 83616"
287,Las Vegas Sands,"5500 HAVEN STREET LAS VEGAS, NEVADA 89119"
288,Leidos,"1750 PRESIDENTS STREET RESTON, VIRGINIA 20190"
289,Lennar,"5505 BLUE LAGOON DRIVE MIAMI, FLORIDA 33126"
290,Lincoln Financial,"150 N RADNOR CHESTER RD RADNOR, PENNSYLVANIA 19087"
291,Linde plc,"FORGE, 43 CHURCH STREET WEST WOKING SURREY, UNITED KINGDOM GU216HT"
292,Live Nation Entertainment,"9348 CIVIC CENTER DRIVE BEVERLY HILLS, CALIFORNIA 90210"
293,LKQ Corporation,"500 WEST MADISON STREET SUITE 2800 CHICAGO, ILLINOIS 60661"
294,Lockheed Martin,"6801 ROCKLEDGE DR BETHESDA, MARYLAND 20817"
295,Loews Corporation,"667 MADISON AVE NEW YORK, NEW YORK 10065-8087"
296,Lowe's,"1000 LOWES BLVD. MOORESVILLE, NORTH CAROLINA 28117"
297,LyondellBasell,"1221 MCKINNEY ST SUITE 700 HOUSTON, TEXAS 77010"
298,M&T Bank,"C/O CORPORATE REPORTING ONE M&T PLAZA 5TH FLOOR BUFFALO, NEW YORK 14203"
299,Marathon Oil,"P O BOX 3128 HOUSTON, TEXAS 77253-3128"
300,Marathon Petroleum,"539 SOUTH MAIN STREET FINDLAY, OHIO 45840-3229"
301,MarketAxess,"55 HUDSON YARDS, 15TH FLOOR NEW YORK, NEW YORK 10001"
302,Marriott International,"7750 WISCONSIN AVENUE BETHESDA, MARYLAND 20814"
303,Marsh McLennan,"1166 AVENUE OF THE AMERICAS NEW YORK, NEW YORK 10036"
304,Martin Marietta Materials,"4123 PARKLAKE AVE RALEIGH, NORTH CAROLINA 27612"
305,Masco,"17450 COLLEGE PARKWAY LIVONIA, MICHIGAN 48152"
306,Mastercard,"2000 PURCHASE STREET PURCHASE, NEW YORK 10577"
307,Match Group,"8750 NORTH CENTRAL EXPRESSWAY SUITE 1400 DALLAS, TEXAS 75231"
308,McCormick & Company,"24 SCHILLING ROAD SUITE 1 HUNT VALLEY, MARYLAND 21031"
309,McDonald's,"110 NORTH CARPENTER STREET CHICAGO, ILLINOIS 60607"
310,McKesson,"6555 STATE HIGHWAY 161 IRVING, TEXAS 75039"
311,Medtronic,"20 ON HATCH, LOWER HATCH STREET DUBLIN, IRELAND 2"
312,Merck & Co.,"2000 GALLOPING HILL ROAD KENILWORTH, NEW JERSEY 07033"
313,Meta Platforms,"1601 WILLOW ROAD MENLO PARK, CALIFORNIA 94025"
314,MetLife,"200 PARK AVENUE NEW YORK, NEW YORK 10166"
315,Mettler Toledo,"1900 POLARIS PARKWAY COLUMBUS, OHIO 43240"
316,MGM Resorts,"3600 LAS VEGAS BLVD S LAS VEGAS, NEVADA 89109"
317,Microchip Technology,"2355 W CHANDLER BLVD CHANDLER, ARIZONA 85224-6199"
318,Micron Technology,"8000 S FEDERAL WAY PO BOX 6 BOISE, IDAHO 83716-9632"
319,Microsoft,"ONE MICROSOFT WAY REDMOND, WASHINGTON 98052-6399"
320,Mid-America Apartment Communities,"6815 POPLAR AVENUE SUITE 500 GERMANTOWN, TENNESSEE 38138"
321,Moderna,"200 TECHNOLOGY SQUARE CAMBRIDGE, MASSACHUSETTS 02139"
322,Mohawk Industries,"160 S INDUSTRIAL BLVD PO BOX 12069 CALHOUN, GEORGIA 30701"
323,Molina Healthcare,"200 OCEANGATE, SUITE 100 LONG BEACH, CALIFORNIA 90802"
324,Molson Coors Beverage Company,"P.O. BOX 4030 NH353 GOLDEN, COLORADO 80401"
325,Mondelez International,"905 WEST FULTON MARKET SUITE 200 CHICAGO, ILLINOIS 60607"
326,Monolithic Power Systems,"5808 LAKE WASHINGTON BLVD. NE KIRKLAND, WASHINGTON 98033"
327,Monster Beverage,"1 MONSTER WAY CORONA, CALIFORNIA 92879"
328,Moody's Corporation,"7 WORLD TRADE CENTER AT 250 GREENWICH STREET NEW YORK, NEW YORK 10007"
329,Morgan Stanley,"1585 BROADWAY NEW YORK, NEW YORK 10036"
330,Mosaic Company (The),"101 EAST KENNEDY BLVD. SUITE 2500 TAMPA, FLORIDA 33602"
331,Motorola Solutions,"500 W. MONROE ST. CHICAGO, ILLINOIS 60661"
332,MSCI,"7 WORLD TRADE CENTER 250 GREENWICH STREET, 49TH FLOOR NEW YORK, NEW YORK 10007"
333,"Nasdaq, Inc.","151 W. 42ND STREET NEW YORK, NEW YORK 10036"
334,NetApp,"3060 OLSEN DRIVE SAN JOSE, CALIFORNIA 95128"
335,Netflix,"121 ALBRIGHT WAY LOS GATOS, CALIFORNIA 95032"
336,Newell Brands,"6655 PEACHTREE DUNWOODY ROAD ATLANTA, GEORGIA 30328"
337,Newmont,"6900 E LAYTON AVE SUITE 700 DENVER, COLORADO 80237"
338,News Corp (Class A),"1211 AVENUE OF THE AMERICAS NEW YORK, NEW YORK 10036"
339,News Corp (Class B),"1211 AVENUE OF THE AMERICAS NEW YORK, NEW YORK 10036"
340,NextEra Energy,"700 UNIVERSE BLVD JUNO BEACH, FLORIDA 33408"
341,"Nike, Inc.","ONE BOWERMAN DR BEAVERTON, OREGON 97005-6453"
342,NiSource,"801 EAST 86TH AVE MERRILLVILLE, INDIANA 46410-6272"
343,Nordson Corporation,"28601 CLEMENS RD WESTLAKE, OHIO 44145"
344,Norfolk Southern Railway,"650 W PEACHTREE STREET NW ATLANTA, GEORGIA 30308"
345,Northern Trust,"50 S LASALLE ST CHICAGO, ILLINOIS 60603"
346,Northrop Grumman,"2980 FAIRVIEW PARK DRIVE C/O NORTHROP GRUMMAN CORP FALLS CHURCH, VIRGINIA 22042"
347,Norwegian Cruise Line Holdings,"7665 CORPORATE DRIVE MIAMI, FLORIDA 33126"
348,NRG Energy,"910 LOUISIANA STREET HOUSTON, TEXAS 77002"
349,Nucor,"1915 REXFORD RD CHARLOTTE, NORTH CAROLINA 28211"
350,Nvidia,"2788 SAN TOMAS EXPRESSWAY SANTA CLARA, CALIFORNIA 95051"
351,"NVR, Inc.","11700 PLAZA AMERICA DR. SUITE 500 RESTON, VIRGINIA 20190"
352,NXP Semiconductors,
353,O'Reilly Auto Parts,"233 S PATTERSON AVE SPRINGFIELD, MISSOURI 65802"
354,Occidental Petroleum,"5 GREENWAY PLAZA SUITE 110 HOUSTON, TEXAS 77046"
355,Old Dominion,"500 OLD DOMINION WAY THOMASVILLE, NORTH CAROLINA 27360"
356,Omnicom Group,"280 PARK AVENUE NEW YORK, NEW YORK 10017"
357,ON Semiconductor,"5701 NORTH PIMA ROAD SCOTTSDALE, ARIZONA 85250"
358,ONEOK,"100 WEST 5TH ST TULSA, OKLAHOMA 74103"
359,Oracle Corporation,"500 ORACLE PARKWAY MAIL STOP 5 OP 7 REDWOOD CITY, CALIFORNIA 94065"
360,Organon & Co.,"30 HUDSON STREET FL 33 JERSEY CITY, NEW JERSEY 07302"
361,Otis Worldwide,"ONE CARRIER PLACE FARMINGTON, CONNECTICUT 06032"
362,Paccar,"PACCAR BUILDING 777 106TH AVENUE NE BELLEVUE, WASHINGTON 98004"
363,Packaging Corporation of America,"1955 W FIELD CT LAKE FOREST, ILLINOIS 60045"
364,Paramount Global,"1515 BROADWAY NEW YORK, NEW YORK 10036"
365,Parker Hannifin,"6035 PARKLAND BOULEVARD CLEVELAND, OHIO 44124-4141"
366,Paychex,"911 PANORAMA TRAIL S ROCHESTER, NEW YORK 14625-0397"
367,Paycom,"7501 W. MEMORIAL ROAD OKLAHOMA CITY, OKLAHOMA 73142"
368,PayPal,"2211 NORTH FIRST STREET SAN JOSE, CALIFORNIA 95131"
369,Pentair,"REGAL HOUSE, 70 LONDON ROAD TWICKENHAM LONDON, UNITED KINGDOM TW13QS"
370,PepsiCo,"700 ANDERSON HILL RD PURCHASE, NEW YORK 10577"
371,PerkinElmer,"940 WINTER STREET WALTHAM, MASSACHUSETTS 02451"
372,Pfizer,"66 HUDSON BOULEVARD EAST NEW YORK, NEW YORK 10001-2192"
373,PG&E Corporation,"300 LAKESIDE DRIVE OAKLAND, CALIFORNIA 94612"
374,Philip Morris International,"677 WASHINGTON BLVD, STE. 1100 STAMFORD, CONNECTICUT 06901"
375,Phillips 66,"2331 CITYWEST BLVD. HOUSTON, TEXAS 77042"
376,Pinnacle West,"400 NORTH FIFTH STREET MS 8695 PHOENIX, ARIZONA 85004"
377,Pioneer Natural Resources,"777 HIDDEN RIDGE IRVING, TEXAS 75038"
378,PNC Financial Services,"THE TOWER AT PNC PLAZA 300 FIFTH AVENUE PITTSBURGH, PENNSYLVANIA 15222-2401"
379,Pool Corporation,"109 NORTHPARK BLVD 4TH FLOOR COVINGTON, LOUISIANA 70433-5001"
380,PPG Industries,"ONE PPG PL 40 EAST PITTSBURGH, PENNSYLVANIA 15272"
381,PPL Corporation,"TWO N NINTH ST ALLENTOWN, PENNSYLVANIA 18101-1179"
382,Principal Financial Group,"711 HIGH STREET DES MOINES, IOWA 50392"
383,Procter & Gamble,"ONE PROCTER & GAMBLE PLAZA CINCINNATI, OHIO 45202"
384,Progressive Corporation,"6300 WILSON MILLS RD MAYFIELD VILLAGE, OHIO 44143"
385,Prologis,"PIER 1 BAY 1 SAN FRANCISCO, CALIFORNIA 94111"
386,Prudential Financial,"751 BROAD ST NEWARK, NEW JERSEY 07102"
387,Public Service Enterprise Group,"CORPORATE ACCOUNTING SERVICES 80 PARK PLAZA, 9TH FLOOR NEWARK, NEW JERSEY 07102-4194"
388,PTC,"121 SEAPORT BOULEVARD BOSTON, MASSACHUSETTS 02210"
389,Public Storage,"701 WESTERN AVENUE GLENDALE, CALIFORNIA 91201-2349"
390,PulteGroup,"3350 PEACHTREE ROAD NORTHEAST SUITE 150 ATLANTA, GEORGIA 30326"
391,Qorvo,"7628 THORNDIKE ROAD GREENSBORO, NORTH CAROLINA 27409"
392,Quanta Services,"2727 NORTH LOOP WEST HOUSTON, TEXAS 77008-1044"
393,Qualcomm,"5775 MOREHOUSE DR SAN DIEGO, CALIFORNIA 92121"
394,Quest Diagnostics,"500 PLAZA DRIVE SECAUCUS, NEW JERSEY 07094"
395,Ralph Lauren Corporation,"650 MADISON AVENUE NEW YORK, NEW YORK 10022"
396,Raymond James,"880 CARILLON PKWY ST PETERSBURG, FLORIDA 33716"
397,Raytheon Technologies,"870 WINTER STREET WALTHAM, MASSACHUSETTS 02451"
398,Realty Income,"11995 EL CAMINO REAL SAN DIEGO, CALIFORNIA 92130"
399,Regency Centers,"ONE INDEPENDENT DRIVE SUITE 114 JACKSONVILLE, FLORIDA 32202"
400,Regeneron,"777 OLD SAW MILL RIVER ROAD TARRYTOWN, NEW YORK 10591"
401,Regions Financial Corporation,"1900 FIFTH AVENUE NORTH BIRMINGHAM, ALABAMA 35203"
402,Republic Services,"18500 N. ALLIED WAY PHOENIX, ARIZONA 85054"
403,ResMed,"9001 SPECTRUM CENTER BLVD. SAN DIEGO, CALIFORNIA 92123"
404,Robert Half,"2884 SAND HILL RD STE 200 MENLO PARK, CALIFORNIA 94025"
405,Rockwell Automation,"1201 SOUTH 2ND STREET MILWAUKEE, WISCONSIN 53204"
406,"Rollins, Inc.","2170 PIEDMONT RD NE ATLANTA, GEORGIA 30324"
407,Roper Technologies,"6901 PROFESSIONAL PKWY EAST SUITE 200 SARASOTA, FLORIDA 34240"
408,Ross Stores,"5130 HACIENDA DRIVE DUBLIN, CALIFORNIA 94568"
409,Royal Caribbean Group,"1050 CARIBBEAN WAY MIAMI, FLORIDA 33132"
410,S&P Global,"55 WATER STREET NEW YORK, NEW YORK 10041"
411,Salesforce,"SALESFORCE TOWER 415 MISSION STREET 3RD FL SAN FRANCISCO, CALIFORNIA 94105"
412,SBA Communications,"8051 CONGRESS AVENUE BOCA RATON, FLORIDA 33487"
413,Schlumberger,"5599 SAN FELIPE 17TH FLOOR HOUSTON, TEXAS 77056"
414,Seagate Technology,"38/39 FITZWILLIAM SQUARE DUBLIN 2, IRELAND D02 NX53"
415,Sealed Air,"2415 CASCADE POINTE BOULEVARD CHARLOTTE, NORTH CAROLINA 28208"
416,Sempra Energy,"488 8TH AVENUE SAN DIEGO, CALIFORNIA 92101"
417,ServiceNow,"2225 LAWSON LANE SANTA CLARA, CALIFORNIA 95054"
418,Sherwin-Williams,"101 PROSPECT AVE NW CLEVELAND, OHIO 44115"
419,Simon Property Group,"225 WEST WASHINGTON STREET INDIANAPOLIS, INDIANA 46204-3438"
420,Skyworks Solutions,"5260 CALIFORNIA AVENUE IRVINE, CALIFORNIA 92617"
421,J.M. Smucker Company (The),"ONE STRAWBERRY LANE ORRVILLE, OHIO 44667"
422,Snap-on,"2801 80TH STREET KENOSHA, WISCONSIN 53143"
423,SolarEdge,"1 HAMADA STREET HERZILIYA PITUACH, ISRAEL 4673335"
424,Southern Company,"30 IVAN ALLEN JR. BLVD., N.W. ATLANTA, GEORGIA 30308"
425,Southwest Airlines,"2702 LOVE FIELD DR P O BOX 36611 DALLAS, TEXAS 75235"
426,Stanley Black & Decker,"1000 STANLEY DR P O BOX 7000 NEW BRITAIN, CONNECTICUT 06053"
427,Starbucks,"P O BOX 34067 SEATTLE, WASHINGTON 98124-1067"
428,State Street Corporation,"ONE LINCOLN STREET BOSTON, MASSACHUSETTS 02111"
429,Steel Dynamics,"7575 W JEFFERSON BLVD FORT WAYNE, INDIANA 46804"
430,Steris,"70 SIR JOHN ROGERSON'S QUAY DUBLIN, IRELAND 2"
431,Stryker Corporation,"2825 AIRVIEW BLVD KALAMAZOO, MICHIGAN 49002"
432,Synchrony Financial,"777 LONG RIDGE ROAD STAMFORD, CONNECTICUT 06902-1250"
433,Synopsys,"690 E MIDDLEFIELD RD MOUNTAIN VIEW, CALIFORNIA 94043"
434,Sysco,"1390 ENCLAVE PKWY HOUSTON, TEXAS 77077"
435,T-Mobile US,"12920 SE 38TH STREET BELLEVUE, WASHINGTON 98006"
436,T. Rowe Price,"100 EAST PRATT STREET P.O. BOX 89000 BALTIMORE, MARYLAND 21289-0320"
437,Take-Two Interactive,"110 WEST 44TH STREET NEW YORK, NEW YORK 10036"
438,"Tapestry, Inc.","10 HUDSON YARDS NEW YORK, NEW YORK 10001"
439,Targa Resources,"TARGA RESOURCES PARTNERS LP 1000 LOUISIANA STREET, SUITE 4300 HOUSTON, TEXAS 77002"
440,Target Corporation,"1000 NICOLLET MALL MINNEAPOLIS, MINNESOTA 55403"
441,TE Connectivity,"MUHLENSTRASSE 26 SCHAFFHAUSEN, SWITZERLAND CH-8200"
442,Teledyne Technologies,"1049 CAMINO DOS RIOS THOUSAND OAKS, CALIFORNIA 91360"
443,Teleflex,"550 E SWEDESFORD RD SUITE 400 WAYNE, PENNSYLVANIA 19087"
444,Teradyne,"600 RIVERPARK DRIVE NORTH READING, MASSACHUSETTS 01864"
445,"Tesla, Inc.","3500 DEER CREEK RD PALO ALTO, CALIFORNIA 94304"
446,Texas Instruments,"P.O. BOX 660199 DALLAS, TEXAS 75266"
447,Textron,"40 WESTMINSTER ST PROVIDENCE, RHODE ISLAND 02903"
448,Thermo Fisher Scientific,"168 THIRD AVENUE WALTHAM, MASSACHUSETTS 02451"
449,TJX Companies,"770 COCHITUATE RD FRAMINGHAM, MASSACHUSETTS 01701"
450,Tractor Supply,"5401 VIRGINIA WAY BRENTWOOD, TENNESSEE 37027"
451,Trane Technologies,"170/175 LAKEVIEW DRIVE AIRSIDE BUSINESS PARK, SWORDS, CO. DUBLIN, IRELAND 00000"
452,TransDigm Group,"1301 EAST 9TH STREET SUITE 3000 CLEVELAND, OHIO 44114"
453,Travelers Companies (The),"385 WASHINGTON ST SAINT PAUL, MINNESOTA 55102"
454,Trimble Inc.,"10368 WESTMOOR DR WESTMINSTER, COLORADO 80021"
455,Truist,"214 NORTH TRYON STREET CHARLOTTE, NORTH CAROLINA 28202"
456,Tyler Technologies,"5101 TENNYSON PKWY PLANO, TEXAS 75024"
457,Tyson Foods,"2200 DON TYSON PARKWAY SPRINGDALE, ARKANSAS 72762-6999"
458,U.S. Bank,"U.S. BANCORP 800 NICOLLET MALL MINNEAPOLIS, MINNESOTA 55402-7020"
459,"UDR, Inc.","1745 SHEA CENTER DRIVE SUITE 200 HIGHLANDS RANCH, COLORADO 80129"
460,Ulta Beauty,"1000 REMINGTON BLVD SUITE 120 BOLINGBROOK, ILLINOIS 60440"
461,Union Pacific Corporation,"1400 DOUGLAS STREET STOP 0310 OMAHA, NEBRASKA 68179"
462,United Airlines Holdings,"E. ANNA HA - WHQLD 233 SOUTH WACKER DRIVE CHICAGO, ILLINOIS 60606"
463,United Parcel Service,"55 GLENLAKE PARKWAY NE ATLANTA, GEORGIA 30328"
464,United Rentals,"100 FIRST STAMFORD PLACE 7TH FLOOR STAMFORD, CONNECTICUT 06902"
465,UnitedHealth Group,"UNITEDHEALTH GROUP CENTER 9900 BREN ROAD EAST MINNEAPOLIS, MINNESOTA 55343"
466,Universal Health Services,"367 S GULPH RD KING OF PRUSSIA, PENNSYLVANIA 19406"
467,Valero Energy,"P.O. BOX 696000 SAN ANTONIO, TEXAS 78269-6000"
468,Ventas,"353 N. CLARK STREET SUITE 3300 CHICAGO, ILLINOIS 60654"
469,Verisign,"12061 BLUEMONT WAY ATTN: GENERAL COUNSEL RESTON, VIRGINIA 20190"
470,Verisk,"545 WASHINGTON BOULEVARD JERSEY CITY, NEW JERSEY 07310-1686"
471,Verizon,"1095 AVENUE OF THE AMERICAS NEW YORK, NEW YORK 10036"
472,Vertex Pharmaceuticals,"50 NORTHERN AVENUE BOSTON, MASSACHUSETTS 02210"
473,VF Corporation,"1551 WEWATTA STREET DENVER, COLORADO 80202"
474,Vici Properties,"535 MADISON AVENUE,  20TH FLOOR NEW YORK, NEW YORK 10022"
475,Visa Inc.,"P.O. BOX 8999 SAN FRANCISCO, CALIFORNIA 94128-8999"
476,Vulcan Materials Company,"1200 URBAN CENTER DRIVE BIRMINGHAM, ALABAMA 35242"
477,Wabtec,"30 ISABELLA STREET PITTSBURGH, PENNSYLVANIA 15212"
478,Walgreens Boots Alliance,"108 WILMOT ROAD DEERFIELD, ILLINOIS 60015"
479,Walmart,"702 SOUTHWEST 8TH ST BENTONVILLE, ARKANSAS 72716"
480,Warner Bros. Discovery,"230 PARK AVENUE SOUTH NEW YORK, NEW YORK 10003"
481,Waste Management,"800 CAPITOL STREET, STE 3000 HOUSTON, TEXAS 77002"
482,Waters Corporation,"34 MAPLE ST MILFORD, MASSACHUSETTS 01757"
483,WEC Energy Group,"231 W MICHIGAN ST P O BOX 1331 MILWAUKEE, WISCONSIN 53201"
484,Wells Fargo,"420 MONTGOMERY STREET SAN FRANCISCO, CALIFORNIA 94163"
485,Welltower,"4500 DORR STREET TOLEDO, OHIO 43615"
486,West Pharmaceutical Services,"530 HERMAN O. WEST DRIVE EXTON, PENNSYLVANIA 19341"
487,Western Digital,"5601 GREAT OAKS PARKWAY SAN JOSE, CALIFORNIA 95119"
488,WestRock,"1000 ABERNATHY ROAD NE ATLANTA, GEORGIA 30328"
489,Weyerhaeuser,"220 OCCIDENTAL AVENUE SOUTH SEATTLE, WASHINGTON 98104"
490,Whirlpool Corporation,"WHIRLPOOL CNTR 2000 M 63 C/O CORPORATE SECRETARY BENTON HARBOR, MICHIGAN 49022-2692"
491,Williams Companies,"ONE WILLIAMS CTR TULSA, OKLAHOMA 74172"
492,Willis Towers Watson,"C/O WILLIS GROUP LIMITED 51 LIME STREET LONDON ENGLAND, UNITED KINGDOM EC3M 7DQ"
493,W. W. Grainger,"100 GRAINGER PARKWAY LAKE FOREST, ILLINOIS 60045-5201"
494,Wynn Resorts,"3131 LAS VEGAS BOULEVARD SOUTH LAS VEGAS, NEVADA 89109"
495,Xcel Energy,"414 NICOLLET MALL MINNEAPOLIS, MINNESOTA 55401"
496,Xylem Inc.,"301 WATER STREET SE WASHINGTON, DISTRICT OF COLUMBIA 20003"
497,Yum! Brands,"1441 GARDINER LANE LOUISVILLE, KENTUCKY 40213"
498,Zebra Technologies,"3 OVERLOOK POINT LINCOLNSHIRE, ILLINOIS 60069"
499,Zimmer Biomet,"345 EAST MAIN STREET WARSAW, INDIANA 46580"
500,Zions Bancorporation,"ONE SOUTH MAIN STREET 11TH FLOOR SALT LAKE CITY, UTAH 84133"
501,Zoetis,"10 SYLVAN WAY PARSIPPANY, NEW JERSEY 07054"
